EDR154563,Vale
EDR081348,Publi
EDR081348,Arrius
EDR145936,Echio
EDR140257,kalendas
EDR140257,kalendas
EDR154575,cinaedus
EDR154575,Lasius
EDR151898,Flavia
EDR151898,lingis
EDR151898,Θ
EDR081347,Arrius
EDR081347,Publius
EDR140061,accepit
EDR140061,Crusali
EDR140061,Secundus
EDR140061,et
EDR140061,Valentina
EDR081349,curia
EDR081349,In
EDR152931,Σαβίνιο
EDR152931,S retrogradum
EDR154534,Echio
EDR154421,asses
EDR140254,Idibus
EDR140254,Ianuarias
EDR140254,mystagogus
EDR140254,μυσταγωγός
EDR140254,docens
EDR140254,Etoen
EDR140254,et
EDR140036,senatus
EDR140036,Ex
EDR140036,consulto
EDR140036,mansi
EDR140255,Porcius
EDR140255,Sextus
EDR140255,s
EDR140198,Aniciae
EDR140171,matri
EDR140171,Saturninae
EDR140171,assibus
EDR140171,uncus
EDR112869,ὁ
EDR112869,Διογένης
EDR112869,φιλόσοφος
EDR112869,κυνικὸς
EDR112869,γυναῖκα
EDR112869,ἰδὼν
EDR112869,ποταμοῦ
EDR112869,ὑπὸ
EDR112869,εἶπεν·
EDR112869,φερομένην
EDR112869,ἄφες
EDR112869,κακ⌜ὸ⌝ν
EDR112869,τὸ
EDR112869,κακοῦ
EDR112869,ὑπὸ
EDR144354,Faustus
EDR144354,Θ
EDR144354,Nothus
EDR144354,Nothus
EDR140224,a
EDR140224,Tertio
EDR151892,Cosmus
EDR140219,suae
EDR140219,genius
EDR140219,salutem
EDR140223,redire
EDR140223,minus
EDR140223,si
EDR140223,et
EDR140223,innectebis
EDR140223,te
EDR140226,quo
EDR140226,Secundus
EDR140226,Hectic
EDR140226,plurimam
EDR140131,Crocale
EDR151863,Hostius
EDR151863,Caius
EDR154444,Omnes
EDR140135,amor
EDR140135,Hic
EDR081346,Mammium
EDR081346,rogamus
EDR081346,Anicetum
EDR081346,curia
EDR140039,broc
EDR140039,Branc
EDR140039,nus
EDR140039,trans
EDR140039,tros
EDR140039,Noster
EDR140039,men
EDR140039,quid
EDR140039,Quod
EDR140039,quas
EDR140039,quae
EDR140039,quis
EDR140039,Rum
EDR140039,dem
EDR140039,que
EDR140039,les
EDR140039,Con
EDR140039,mul
EDR140039,lis
EDR140039,ma
EDR140039,Mol
EDR140039,me
EDR150399,Aviani
EDR150399,Luci
EDR150399,votum
EDR140206,Oceanus
EDR140141,centonem
EDR140141,Centurio
EDR140141,habet
EDR140141,non
EDR151877,Antymo
EDR151877,Spedio
EDR151877,redibis
EDR151877,Pompeiano
EDR151877,e
EDR151877,Colono
EDR151877,a
EDR151877,est
EDR151877,salutem
EDR140172,Epicurus
EDR140172,es
EDR140172,si
EDR151890,salutem
EDR151890,Tomi
EDR151890,morieris
EDR140053,Paris
EDR152964,Augustas
EDR152964,Kalendas
EDR152964,Aprilis
EDR152964,Nonas
EDR154569,et
EDR154569,Casium
EDR154569,tres
EDR153355,Qui
EDR153355,tutari
EDR153355,se
EDR153355,nescit
EDR153355,nescit
EDR153355,vivere
EDR153355,Minimum
EDR153355,malum
EDR153355,fit
EDR153355,contemnendo
EDR154533,Paris
EDR154533,Anicete
EDR153742,Silentiolus
EDR153743,Silentiolus
EDR154500,vale
EDR154500,Maior
EDR154500,vale
EDR154500,Maior
EDR154185,cubicularius
EDR154185,Apelles
EDR154185,Dextro
EDR154185,cum
EDR154185,pranderunt
EDR154185,Caesaris
EDR154185,iucundissime
EDR154185,hic
EDR154185,future
EDR154185,et
EDR154190,Mortuus
EDR154190,Symphorus
EDR140142,Κογιτάτουϲ
EDR151886,Sacomata
EDR153850,Semis
EDR153850,mille
EDR153850,Semis
EDR154433,pedica
EDR154433,Vitalio
EDR154433,comatus
EDR154433,ut
EDR154433,Urosacula
EDR140980,mita
EDR140980,Quam
EDR140980,vis
EDR140980,atque
EDR140980,Pastores
EDR140980,Caste
EDR140980,erga
EDR140980,monit
EDR154539,Florus
EDR154539,Vinicius
EDR154539,Caius
EDR154539,Paris
EDR156980,Sabina
EDR156998,Mortuus
EDR156998,Hercolanius
EDR151831,hic
EDR151831,Quaesivi
EDR151831,res
EDR151831,facias
EDR151831,omnes
EDR151831,serva
EDR151831,tuas
EDR151831,res
EDR151831,quem
EDR151831,noli
EDR151831,iunge
EDR151831,nobis
EDR151831,servabo
EDR151831,neque
EDR151831,quis
EDR151831,ne
EDR151831,luminum
EDR151831,ius
EDR140217,ovas
EDR140978,Ater
EDR140978,Vivanius
EDR140062,heribus
EDR140248,Timinia
EDR140248,Caves
EDR140213,sint
EDR140213,Cereales
EDR140213,Cumis
EDR140139,Salvia
EDR156981,Kalends
EDR159778,Misit
EDR159778,agnas
EDR159778,o
EDR159778,s
EDR159778,cima
EDR159778,simplex
EDR140188,Kalendas
EDR140188,Numisii
EDR140188,Martias
EDR140188,gladiatorum
EDR140188,Genialis
EDR140188,paria
EDR140983,Fortunatus
EDR140983,amat
EDR140983,Ampliandam
EDR140983,Ianuarius
EDR140983,amat
EDR140983,Veneriam
EDR140983,Rogamus
EDR140983,domina
EDR140983,Venus
EDR140983,ut
EDR140983,nos
EDR140983,in
EDR140983,mente
EDR140983,habeas
EDR140983,te
EDR140983,quod
EDR140983,modo
EDR140983,interrogamus
EDR154432,Phyl
EDR151822,habitat
EDR151822,Vasileus
EDR151822,Puteolis
EDR151822,castris
EDR151822,in
EDR151822,Augusti
EDR151822,Valerio
EDR151822,sub
EDR140046,Coldenarius
EDR140046,Colono
EDR152815,lali
EDR152815,Rare
EDR152815,omnes
EDR154576,trama
EDR154576,pondo
EDR154576,pondo
EDR154576,stamen
EDR151818,solus
EDR151818,Mansi
EDR151818,ex
EDR151818,senatus
EDR154535,Acti
EDR154535,Luci
EDR154535,Mystice
EDR154535,vale
EDR154535,comici
EDR154535,mus
EDR154535,Icui
EDR154535,pro
EDR154535,te
EDR140145,ευνυϲ
EDR140145,Ὀνέϲιμοϲ
EDR154574,nonas
EDR154574,Maias
EDR154574,periit
EDR154574,idus
EDR152930,deliciae
EDR152930,possem
EDR152930,tangere
EDR151897,Βομβύκιον
EDR151868,dua
EDR151868,Aquaria
EDR151868,basis
EDR151868,cum
EDR151868,in
EDR151868,dua
EDR151868,manus
EDR151868,basis
EDR151868,cum
EDR151868,duas
EDR151868,Hamas
EDR151868,basis
EDR151868,cum
EDR151868,in
EDR151868,Aquaria
EDR151868,manus
EDR151868,cotidianu
EDR151868,basis
EDR151868,cum
EDR151868,urceolos
EDR151868,Candelabra
EDR151868,duos
EDR151868,quattuor
EDR151868,lucubratorium
EDR151868,et
EDR151868,Lucernam
EDR151868,unum
EDR151868,Hamulam
EDR151868,aeneam
EDR151868,Pelvis
EDR151868,unam
EDR151868,basim
EDR151868,cum
EDR151868,luterem
EDR151868,et
EDR151868,tres
EDR151868,Gutos
EDR151868,dua
EDR151868,Scapheola
EDR151868,strigiles
EDR151868,Ferreas
EDR151868,Haenas
EDR151868,quattuor
EDR151868,cum
EDR151868,Marmorem
EDR151868,aenea
EDR151868,basim
EDR151868,Fuminaria
EDR140037,kalendas
EDR140037,Februarias
EDR159772,Στρατόνικος
EDR159772,Stratonicus
EDR153110,Quintus
EDR153110,Antus
EDR140230,Anicete
EDR142441,Ad
EDR140179,aedituus
EDR154370,kalendas
EDR151829,Myrine
EDR151894,Artorius
EDR156779,Fausta
EDR156779,Ave
EDR073355,medicus
EDR073355,Apollinaris
EDR073355,Imperatoris
EDR073355,Titi
EDR073355,cacavit
EDR073355,hic
EDR102191,Primigeniae
EDR102191,Hermeros
EDR102191,dominae
EDR102191,Puteolos
EDR102191,veni
EDR102191,vico
EDR102191,in
EDR102191,et
EDR102191,Tyaniano
EDR102191,a
EDR102191,quaere
EDR102191,nummulario
EDR102191,Messio
EDR102191,Hermerotem
EDR140239,Iunius
EDR140239,Caius
EDR081345,Messenius
EDR081345,Caius
EDR081345,in
EDR081345,Eunomus
EDR154045,Tiberius
EDR154092,cunei
EDR154092,Asseres
EDR151910,Quintus
EDR154566,exempta
EDR154566,stercora
EDR154566,assibus
EDR140140,Vettius
EDR140140,Quintus
EDR145942,Proculus
EDR154430,Salinensi
EDR154430,omnibus
EDR140204,Publius
EDR140234,Publius
EDR157024,Mortuus
EDR157024,Deius
EDR153613,ad
EDR152962,signum incertum
EDR152962,Ἄρτος
EDR140165,Surus
EDR140165,Ianua
EDR140187,Quintus
EDR140034,Stiriscus
EDR140034,Moschus
EDR154567,quattuor
EDR151948,Remmius
EDR154186,Mus
EDR154186,Apelles
EDR154186,fratre
EDR154186,cum
EDR154186,amabiliter
EDR154186,Dextro
EDR154186,bis
EDR154186,futuimus
EDR154186,binas
EDR140152,hic
EDR140152,Hyacinthus
EDR140152,Verginiam
EDR140152,fuit
EDR140669,pondo
EDR140669,Rufula
EDR140233,Procame
EDR140233,Vale
EDR154572,Iustus
EDR140221,cum
EDR140221,vol
EDR140221,Marcello
EDR142438,Quintus
EDR157025,Aulus
EDR151872,Quintus
EDR154179,sodales
EDR154179,Duo
EDR154179,fuerunt
EDR154179,hic
EDR154179,cum
EDR154179,et
EDR154179,malum
EDR154179,diu
EDR154179,in
EDR154179,ministrum
EDR154179,haberent
EDR154179,omnia
EDR154179,Epaphroditum
EDR154179,nomine
EDR154179,tarde
EDR154179,vix
EDR154179,foras
EDR154179,eum
EDR154179,exegerunt
EDR154179,persuavissime
EDR154179,Consumpserunt
EDR154179,futuere
EDR154179,cum
EDR151417,Nicanor
EDR140151,Tatius
EDR140151,Aulus
EDR140147,conclave
EDR140147,Puteolis
EDR140147,consistunt
EDR140147,Herculanenses
EDR140147,naviculae
EDR140054,feliciter
EDR154429,Urbane
EDR140232,suis
EDR140232,vivant
EDR140232,ave
EDR153111,Phoebus
EDR153111,aegrotes
EDR140986,Urso
EDR154568,pisu
EDR154568,ne
EDR140138,Burrus
EDR140138,petat
EDR140144,Mansueta
EDR140144,tene
EDR140137,MOEƆCIA
EDR153487,venimus
EDR153487,Venimus
EDR153487,cupidi
EDR153487,hoc
EDR153487,magis
EDR153487,multo
EDR153487,ire
EDR140258,Mus
EDR154177,biberes
EDR154177,assibus
EDR154177,singula
EDR154177,Panem
EDR154177,assibus
EDR154177,ofellas
EDR154177,assibus
EDR154177,thymatula
EDR154368,Cilix
EDR154368,Fusci
EDR151835,res
EDR151835,Est
EDR153853,me
EDR153853,Ursi
EDR156999,situs
EDR156999,Hic
EDR154043,Septembres
EDR154043,pro
EDR154043,idus
EDR154043,denarius
EDR154043,tunica
EDR154043,asses
EDR140177,Assis
EDR154538,Feliciter
EDR140124,Quis
EDR154042,Iulis
EDR154042,Nonis
EDR154042,Idus
EDR154042,nata
EDR154042,Iulias
EDR154042,Pridie
EDR153849,me
EDR153849,Ursi
EDR140166,quidam
EDR140166,Cum
EDR140166,ligas
EDR140166,pauper
EDR129306,Euhodus
EDR129306,Lollianus
EDR129306,Musicus
EDR129306,Priscus
EDR129306,Atimetus
EDR129306,Glaucus
EDR153740,Amethyste
EDR151873,socio
EDR151867,acceptum
EDR151867,Vinum
EDR151867,domino
EDR151867,ab
EDR151867,Idus
EDR159777,asses
EDR159777,Vinum
EDR159777,semis
EDR159777,Nigro
EDR159777,Capitoni
EDR140195,Kalendas
EDR140195,factum
EDR140195,pane
EDR140195,Nonas
EDR140195,factum
EDR140195,pane
EDR154434,Longinus
EDR154434,Iulias
EDR154434,Idus
EDR154434,Iulias
EDR154434,vim
EDR154434,accepit
EDR154434,Sturnus
EDR154044,numero
EDR154044,Asas
EDR154044,Anaticulas
EDR154044,numero
EDR140190,et
EDR140190,Euhodus
EDR140190,Satura
EDR153741,Chie
EDR154371,glaber
EDR154371,Salarius
EDR154371,Laviniam
EDR140211,Charca
