EDR154563,Vale,uale,ualeo,V2,u0050,,VmG
EDR145936,Echio,echio,echios,N2,e0049,f,NcB
EDR140257,kalendas,kalendas,kalendae,N1,k0002,f,NcA
EDR140257,kalendas,kalendas,kalendae,N1,k0002,f,NcA
EDR154575,cinaedus,cinaedus,cinaedus,N2,c1631,m,NcB
EDR154575,cinaedus,cinaedus,cinaedus,N2/1,c1631,*,Af-
EDR151898,lingis,lingis,lingo,V3,l0821,,VmH
EDR140061,accepit,accepit,accipio,V5,a0275,,VmM
EDR140061,Secundus,secundus,secundus,N2/1,s9990,*,Ao-
EDR140061,Secundus,secundus,secor,V3,s1348,,VmH
EDR140061,Secundus,secundus,sequor/-o,V3,s1348,,VmH
EDR140061,et,et,et,I,e0997,,X--
EDR081349,curia,curia,curia,N1,c4683,f,NcA
EDR081349,In,in,eo,VA,e0655,,VmN
EDR081349,In,in,in,I,i0702,,X--
EDR154534,Echio,echio,echios,N2,e0049,f,NcB
EDR154421,asses,asses,as/assis,N3B,a3009,m,NcC
EDR154421,asses,asses,asso,V1,a3183,,VmF
EDR154421,asses,asses,axis,N3B,a3654,m,NcC
EDR140254,Idibus,idibus,idus,N4,i9914,f,NcD
EDR140254,mystagogus,mystagogus,mystagogus/-os,N2,m1930,m,NcB
EDR140254,docens,docens,doceo,V2,d2067,,VmG
EDR140254,et,et,et,I,e0997,,X--
EDR140036,senatus,senatus,senatus,N4,s1202,m,NcD
EDR140036,Ex,ex,ex,I,e1167,,X--
EDR140036,consulto,consulto,consulo,V3,c3652,,VmH
EDR140036,consulto,consulto,consulo,V3,c3652,,VmH
EDR140036,consulto,consulto,consulto/-or,V1,c3656,,VmF
EDR140036,consulto,consulto,consultus,N2,c9966,m,NcB
EDR140036,consulto,consulto,consultum,N2,c9966,n,NcB
EDR140036,mansi,mansi,mando/-or,V3,m0261,,VmH
EDR140036,mansi,mansi,maneo,V2,m0273,,VmG
EDR140036,mansi,mansi,maneo,V2,m0273,,VmG
EDR140255,Sextus,sextus,sextus,N2/1,s1541,*,Ao-
EDR140171,matri,matri,mater,N3B,m0448,f,NcC
EDR140171,assibus,assibus,as/assis,N3B,a3009,m,NcC
EDR140171,assibus,assibus,axis,N3B,a3654,m,NcC
EDR140171,uncus,uncus,uncus,N2,u1026,m,NcB
EDR140171,uncus,uncus,uncus,N2/1,u1026,*,Af-
EDR144354,Faustus,faustus,faustus,N2/1,f0287,*,Af-
EDR144354,Nothus,nothus,nothus,N2/1,n0545,*,Af-
EDR144354,Nothus,nothus,nothus,N2/1,n0545,*,Af-
EDR140224,Tertio,tertio,tertius,N2/1,t0413,*,Ao-
EDR140224,Tertio,tertio,tertio,V1,t0410,,VmF
EDR140224,Tertio,tertio,tertius,N2/1,t0413,*,Ao-
EDR151892,Cosmus,cosmus,cosmos/-us,N2,c4185,m,NcB
EDR140219,suae,suae,suus/-os,PR,s3894,*,Ps-
EDR140219,genius,genius,genius,N2,g0201,m,NcB
EDR140219,salutem,salutem,salus,N3B,s0233,f,NcC
EDR140219,salutem,salutem,saluto,V1,s0245,,VmF
EDR140223,redire,redire,redeo,VA,r1080,,VmN
EDR140223,minus,minus,minor,N3A,m1049,*,Af-
EDR140223,minus,minus,minus,N2/1,m1060,*,Af-
EDR140223,et,et,et,I,e0997,,X--
EDR140226,quo,quo,quis,PR,q0198,,P4-
EDR140226,quo,quo,qui,PR,q9410,,P7-
EDR140226,Secundus,secundus,secundus,N2/1,s9990,*,Ao-
EDR140226,Secundus,secundus,secor,V3,s1348,,VmH
EDR140226,Secundus,secundus,sequor/-o,V3,s1348,,VmH
EDR140226,plurimam,plurimam,plurimus,N2/1,p2395,*,Au-
EDR154444,Omnes,omnes,omnis,N3A,o0723,*,Au-
EDR140135,amor,amor,amor,N3B,a1716,m,NcC
EDR140135,amor,amor,amo,V1,a1705,,VmF
EDR140135,Hic,hic,hic,PR,h0360,,Py-
EDR081346,Mammium,mammium,mammium,N2,m0228,n,NcB
EDR081346,rogamus,rogamus,rogo,V1,r1472,,VmF
EDR081346,Anicetum,anicetum,anicetus,N2/1,a2020,*,Af-
EDR081346,curia,curia,curia,N1,c4683,f,NcA
EDR140039,trans,trans,trans,I,t0969,,X--
EDR140039,Noster,noster,noster,PR,n0569,*,Ps-
EDR140039,quid,quid,quis,PR,q0198,,P4-
EDR140039,Quod,quod,qui,PR,q9410,,P7-
EDR140039,quas,quas,qui,PR,q9410,,P7-
EDR140039,quae,quae,quis,PR,q0198,,P4-
EDR140039,quae,quae,qui,PR,q9410,,P7-
EDR140039,quis,quis,quis,PR,q0198,,P4-
EDR140039,quis,quis,qui,PR,q9410,,P7-
EDR140039,quis,quis,queo,VA,q0178,,VmN
EDR140039,Rum,rum,rhus,N4,r0694,2,NcD
EDR140039,dem,dem,do,V1,d2066,,VmF
EDR140039,que,que,q,I,q0001,,X--
EDR140039,les,les,leo,V2,l0550,,VmG
EDR140039,Con,con,cum,I,c4579,,X--
EDR140039,lis,lis,lis,N3B,l0895,f,NcC
EDR150399,Luci,luci,lux,N3B,l1250,f,NcC
EDR150399,Luci,luci,lucius,N2,l1100,m,NcB
EDR150399,Luci,luci,lucus,N2,l1140,m,NcB
EDR150399,Luci,luci,lux,N3B,l1250,f,NcC
EDR150399,votum,uotum,uoueo,V2,u1227,,VmG
EDR150399,votum,uotum,uoueo,V2,u1227,,VmG
EDR150399,votum,uotum,uotum/-us,N2,u9882,1,NcB
EDR140206,Oceanus,oceanus,oceanus,N2,o9727,m,NcB
EDR140141,centonem,centonem,cento,N3B,c1150,m,NcC
EDR140141,Centurio,centurio,centurio,N3B,c1171,m,NcC
EDR140141,Centurio,centurio,centurio,V1,c1169,,VmF
EDR140141,habet,habet,habeo,V2,h0004,,VmG
EDR140141,non,non,non,I,n9508,,X--
EDR151877,redibis,redibis,redeo,VA,r1080,,VmN
EDR151877,Colono,colono,colonus,N2,c2497,m,NcB
EDR151877,est,est,sum,VA,s3436,,VaN
EDR151877,est,est,e'do,VA,e0094,,VmN
EDR151877,salutem,salutem,salus,N3B,s0233,f,NcC
EDR151877,salutem,salutem,saluto,V1,s0245,,VmF
EDR151890,salutem,salutem,salus,N3B,s0233,f,NcC
EDR151890,salutem,salutem,saluto,V1,s0245,,VmF
EDR151890,Tomi,tomi,tomus,N2,t0793,m,NcB
EDR151890,morieris,morieris,morior/-io,V5,m1411,,VmM
EDR140053,Paris,paris,par/-is,N3A,p0286,*,Af-
EDR140053,Paris,paris,pario,V5,p0411,,VmM
EDR140053,Paris,paris,parrus,N2,p0288,m,NcB
EDR152964,Augustas,augustas,augusto,V1,a3491,,VmF
EDR152964,Augustas,augustas,augustus,N2/1,a3492,*,Af-
EDR152964,Kalendas,kalendas,kalendae,N1,k0002,f,NcA
EDR152964,Nonas,nonas,nonus,N2/1,n0145,*,Ao-
EDR152964,Nonas,nonas,nona,N1,n0177,f,NcA
EDR154569,et,et,et,I,e0997,,X--
EDR154569,tres,tres,tres/-is,N3A,t1158,*,An-
EDR153355,Qui,qui,queo,VA,q0178,,VmN
EDR153355,Qui,qui,quis,PR,q0198,,P4-
EDR153355,Qui,qui,qui,PR,q9410,,P7-
EDR153355,tutari,tutari,tutor/-o,V1,t1843,,VmF
EDR153355,nescit,nescit,nescio,V4,n0249,,VmL
EDR153355,nescit,nescit,nescio,V4,n0249,,VmL
EDR153355,vivere,uiuere,uiuo,V3,u0913,,VmH
EDR153355,Minimum,minimum,minimus,N2/1,m1031,*,Af-
EDR153355,malum,malum,malis,N3B,m0192,f,NcC
EDR153355,malum,malum,malus,N2/1,m0216,*,Af-
EDR153355,malum,malum,ma'lum,N2,m0216,n,NcB
EDR153355,malum,malum,malus,N2,m0218,m,NcB
EDR153355,malum,malum,ma"lum,N2,m0218,n,NcB
EDR153355,malum,malum,malus,N2,m0219,f,NcB
EDR153355,fit,fit,fio,VA,f0557,,VmN
EDR153355,contemnendo,contemnendo,contemno,V3,c3690,,VmH
EDR153355,contemnendo,contemnendo,contemno,V3,c3690,,VmH
EDR154533,Paris,paris,par/-is,N3A,p0286,*,Af-
EDR154533,Paris,paris,pario,V5,p0411,,VmM
EDR154533,Paris,paris,parrus,N2,p0288,m,NcB
EDR154533,Anicete,anicete,anicetus,N2/1,a2020,*,Af-
EDR154500,vale,uale,ualeo,V2,u0050,,VmG
EDR154500,Maior,maior,maior,N3A,m0139,*,Af-
EDR154500,vale,uale,ualeo,V2,u0050,,VmG
EDR154500,Maior,maior,maior,N3A,m0139,*,Af-
EDR154185,cubicularius,cubicularius,cubicularius,N2/1,c4483,*,Af-
EDR154185,cubicularius,cubicularius,cubicularis,N3A,c7325,*,Af-
EDR154185,cubicularius,cubicularius,cubicularius,N2/1,c4483,*,Af-
EDR154185,cubicularius,cubicularius,cubicularius,N2,c7326,m,NcB
EDR154185,Apelles,apelles,apello,V3,a2317,,VmH
EDR154185,Dextro,dextro,dexter,N2/1,d0000,*,Af-
EDR154185,cum,cum,cum,I,c4579,,X--
EDR154185,cum,cum,cum,I,c4584,,X--
EDR154185,pranderunt,pranderunt,prandeo,V2,p3461,,VmG
EDR154185,iucundissime,iucundissime,iucundus,N2/1,i2989,*,Af-
EDR154185,hic,hic,hic,PR,h0360,,Py-
EDR154185,future,future,sum,VA,s3436,,VaN
EDR154185,et,et,et,I,e0997,,X--
EDR154190,Mortuus,mortuus,morior/-io,V5,m1411,,VmM
EDR151886,Sacomata,sacomata,sacoma,N3B,s0049,n,NcC
EDR153850,Semis,semis,semis,N3B,s1133,m,NcC
EDR153850,Semis,semis,semus,N2/1,s8195,*,Af-
EDR153850,mille,mille,mille,N,m0992,,AnP
EDR153850,mille,mille,mille,N,m0992,,NnP
EDR153850,mille,mille,millus,N2,m0663,m,NcB
EDR153850,Semis,semis,semis,N3B,s1133,m,NcC
EDR153850,Semis,semis,semus,N2/1,s8195,*,Af-
EDR154433,pedica,pedica,paedico,V1,p0041,,VmF
EDR154433,pedica,pedica,pedica,N1,p0711,f,NcA
EDR154433,pedica,pedica,pedicus,N2/1,p9708,*,Af-
EDR154433,comatus,comatus,como,V1,c2758,,VmF
EDR140980,mita,mita,mitto,V3,m1143,,VmH
EDR140980,Quam,quam,qui,PR,q9410,,P7-
EDR140980,vis,uis,uis,N3B,u0804,,NcC
EDR140980,vis,uis,uolo,VA,u1167,,VmN
EDR140980,atque,atque,atque,I,a3301,,X--
EDR140980,atque,atque,ad,I,a0479,,X--
EDR140980,atque,atque,at,I,a0547,,X--
EDR140980,Pastores,pastores,pastor,N3B,p0534,m,NcC
EDR140980,Caste,caste,castus,N2/1,c0798,*,Af-
EDR140980,erga,erga,erga,I,e0866,,X--
EDR154539,Florus,florus,florus,N2/1,f0702,*,Af-
EDR154539,Paris,paris,par/-is,N3A,p0286,*,Af-
EDR154539,Paris,paris,pario,V5,p0411,,VmM
EDR154539,Paris,paris,parrus,N2,p0288,m,NcB
EDR156998,Mortuus,mortuus,morior/-io,V5,m1411,,VmM
EDR151831,hic,hic,hic,PR,h0360,,Py-
EDR151831,Quaesivi,quaesiui,quaero,V3,q0096,,VmH
EDR151831,Quaesivi,quaesiui,quaeso,V3,q0099,,VmH
EDR151831,facias,facias,facia,N1,f0043,f,NcA
EDR151831,facias,facias,facio,V5,f0048,,VmM
EDR151831,omnes,omnes,omnis,N3A,o0723,*,Au-
EDR151831,serva,serua,seruo,V1,s1428,,VmF
EDR151831,serva,serua,serua,N1,s1432,f,NcA
EDR151831,serva,serua,seruus,N2/1,s1432,*,Af-
EDR151831,tuas,tuas,tuus/-os,PR,t1849,*,Ps-
EDR151831,quem,quem,quis,PR,q0198,,P4-
EDR151831,quem,quem,qui,PR,q9410,,P7-
EDR151831,noli,noli,nolo,VA,n0489,,VmN
EDR151831,iunge,iunge,iungo,V3,i3044,,VmH
EDR151831,iunge,iunge,iynx,N3B,i3115,f,NcC
EDR151831,nobis,nobis,nos,PR,n0773,,Pq-
EDR151831,servabo,seruabo,seruo,V1,s1428,,VmF
EDR151831,neque,neque,neque,I,n9758,,X--
EDR151831,neque,neque,ne,I,n0130,,X--
EDR151831,neque,neque,ne,I,n0131,,X--
EDR151831,neque,neque,neo,V2,n0211,,VmG
EDR151831,quis,quis,quis,PR,q0198,,P4-
EDR151831,quis,quis,qui,PR,q9410,,P7-
EDR151831,quis,quis,queo,VA,q0178,,VmN
EDR151831,luminum,luminum,lumen,N3B,l1176,n,NcC
EDR140217,ovas,ouas,ouo,V1,o1167,,VmF
EDR140978,Ater,ater,ater,N2/1,a6288,*,Af-
EDR140248,Caves,caues,caueo,V2,c0949,,VmG
EDR140248,Caves,caues,cauo,V1,c0980,,VmF
EDR140213,sint,sint,sum,VA,s3436,,VaN
EDR140213,Cumis,cumis,cyma,N1,c4795,f,NcA
EDR140139,Salvia,saluia,saluia,N1,s0226,f,NcA
EDR159778,Misit,misit,mitto,V3,m1143,,VmH
EDR159778,agnas,agnas,agna,N1,a1182,f,NcA
EDR159778,agnas,agnas,agna,N1,a1207,f,NcA
EDR159778,simplex,simplex,simplex,N3A,s1698,*,Af-
EDR140188,Kalendas,kalendas,kalendae,N1,k0002,f,NcA
EDR140188,gladiatorum,gladiatorum,gladiator,N3B,g0324,m,NcC
EDR140188,gladiatorum,gladiatorum,gladiatus,N2/1,g0329,*,Af-
EDR140188,Genialis,genialis,genialis,N3A,g0183,*,Af-
EDR140188,paria,paria,parias,N1,p0374,m,NcA
EDR140188,paria,paria,pario,V1,p0410,,VmF
EDR140188,paria,paria,par/-is,N3A,p0286,*,Af-
EDR140983,Fortunatus,fortunatus,fortuno,V1,f0898,,VmF
EDR140983,amat,amat,amo,V1,a1705,,VmF
EDR140983,Ampliandam,ampliandam,amplio,V1,a1774,,VmF
EDR140983,amat,amat,amo,V1,a1705,,VmF
EDR140983,Rogamus,rogamus,rogo,V1,r1472,,VmF
EDR140983,domina,domina,domina,N1,d0165,f,NcA
EDR140983,domina,domina,domino,V1,d1471,,VmF
EDR140983,Venus,uenus,uenus,N3B,u0331,f,NcC
EDR140983,Venus,uenus,uenus,N4,u0470,f,NcD
EDR140983,Venus,uenus,uenus,N2,u0396,f,NcB
EDR140983,nos,nos,nos,PR,n0773,,Pq-
EDR140983,mente,mente,mens,N3B,m0733,f,NcC
EDR140983,mente,mente,miniscor,V3,m1033,,VmH
EDR140983,habeas,habeas,habeo,V2,h0004,,VmG
EDR140983,quod,quod,qui,PR,q9410,,P7-
EDR140983,modo,modo,modo,I,m9610,,X--
EDR140983,modo,modo,modus,N2,m1190,m,NcB
EDR140983,interrogamus,interrogamus,interrogo,V1,i2476,,VmF
EDR151822,habitat,habitat,habito,V1,h0015,,VmF
EDR151822,castris,castris,castrum/-us,N2,c0787,1,NcB
EDR151822,castris,castris,castra,N1,c0787,f,NcA
EDR151822,Augusti,augusti,augustus,N2/1,a3492,*,Af-
EDR151822,sub,sub,sub,I,s2719,,X--
EDR140046,Colono,colono,colonus,N2,c2497,m,NcB
EDR152815,Rare,rare,rarus,N2/1,r0082,*,Af-
EDR152815,omnes,omnes,omnis,N3A,o0723,*,Au-
EDR154576,trama,trama,trama,N1,t0962,f,NcA
EDR154576,pondo,pondo,pondo,I,p2558,,X--
EDR154576,pondo,pondo,pondo,I,p2558,,X--
EDR154576,stamen,stamen,stamen,N3B,s2370,n,NcC
EDR151818,solus,solus,solus,N2/1,s1947,*,Af-
EDR151818,Mansi,mansi,mando/-or,V3,m0261,,VmH
EDR151818,Mansi,mansi,maneo,V2,m0273,,VmG
EDR151818,Mansi,mansi,maneo,V2,m0273,,VmG
EDR151818,senatus,senatus,senatus,N4,s1202,m,NcD
EDR154535,Acti,acti,ago,V3,a1208,,VmH
EDR154535,Acti,acti,actum,N2,a9991,n,NcB
EDR154535,Luci,luci,lux,N3B,l1250,f,NcC
EDR154535,Luci,luci,lucius,N2,l1100,m,NcB
EDR154535,Luci,luci,lucus,N2,l1140,m,NcB
EDR154535,Luci,luci,lux,N3B,l1250,f,NcC
EDR154535,Mystice,mystice,mysticus,N2/1,m1935,*,Af-
EDR154535,vale,uale,ualeo,V2,u0050,,VmG
EDR154535,comici,comici,comicus,N2,c2577,m,NcB
EDR154535,comici,comici,comicus,N2/1,c2577,*,Af-
EDR154535,pro,pro,pro,I,p3593,,X--
EDR154535,pro,pro,pro,I,p2610,,X--
EDR154574,nonas,nonas,nonus,N2/1,n0145,*,Ao-
EDR154574,nonas,nonas,nona,N1,n0177,f,NcA
EDR154574,Maias,maias,maea,N1,m0070,f,NcA
EDR154574,periit,periit,pereo,VA,p1081,,VmN
EDR154574,idus,idus,idus,N4,i9914,f,NcD
EDR152930,deliciae,deliciae,delicia,N1,d0549,f,NcA
EDR152930,deliciae,deliciae,delicia,N1,d0550,f,NcA
EDR152930,possem,possem,possum,VA,p2697,,VmN
EDR152930,tangere,tangere,tango,V3,t0096,,VmH
EDR151868,Aquaria,aquaria,aquarius,N2/1,a1289,*,Af-
EDR151868,Aquaria,aquaria,aquarium,N2,a1316,n,NcB
EDR151868,basis,basis,basis,N3B,b0170,f,NcC
EDR151868,basis,basis,basis,N3B,b0170,f,NcC
EDR151868,basis,basis,basium,N2,b0171,n,NcB
EDR151868,basis,basis,basus,N2/1,b0177,*,Af-
EDR151868,cum,cum,cum,I,c4579,,X--
EDR151868,cum,cum,cum,I,c4584,,X--
EDR151868,manus,manus,manus,N4,m0362,f,NcD
EDR151868,manus,manus,manus,N2/1,m0363,*,Af-
EDR151868,basis,basis,basis,N3B,b0170,f,NcC
EDR151868,basis,basis,basis,N3B,b0170,f,NcC
EDR151868,basis,basis,basium,N2,b0171,n,NcB
EDR151868,basis,basis,basus,N2/1,b0177,*,Af-
EDR151868,cum,cum,cum,I,c4579,,X--
EDR151868,cum,cum,cum,I,c4584,,X--
EDR151868,duas,duas,duas,N3B,d2253,f,NcC
EDR151868,duas,duas,dyas,N3B,d2410,f,NcC
EDR151868,duas,duas,do,V1,d2066,,VmF
EDR151868,duas,duas,duo,N2/1,d2327,*,An-
EDR151868,Hamas,hamas,hamo,V1,h0097,,VmF
EDR151868,Hamas,hamas,hama,N1,h0081,f,NcA
EDR151868,basis,basis,basis,N3B,b0170,f,NcC
EDR151868,basis,basis,basis,N3B,b0170,f,NcC
EDR151868,basis,basis,basium,N2,b0171,n,NcB
EDR151868,basis,basis,basus,N2/1,b0177,*,Af-
EDR151868,cum,cum,cum,I,c4579,,X--
EDR151868,cum,cum,cum,I,c4584,,X--
EDR151868,Aquaria,aquaria,aquarius,N2/1,a1289,*,Af-
EDR151868,Aquaria,aquaria,aquarium,N2,a1316,n,NcB
EDR151868,manus,manus,manus,N4,m0362,f,NcD
EDR151868,manus,manus,manus,N2/1,m0363,*,Af-
EDR151868,basis,basis,basis,N3B,b0170,f,NcC
EDR151868,basis,basis,basis,N3B,b0170,f,NcC
EDR151868,basis,basis,basium,N2,b0171,n,NcB
EDR151868,basis,basis,basus,N2/1,b0177,*,Af-
EDR151868,cum,cum,cum,I,c4579,,X--
EDR151868,cum,cum,cum,I,c4584,,X--
EDR151868,urceolos,urceolos,urceolus,N2,u1412,m,NcB
EDR151868,Candelabra,candelabra,candelabrum,N2,c0385,n,NcB
EDR151868,quattuor,quattuor,quattuor,N,q0166,,AnP
EDR151868,lucubratorium,lucubratorium,lucubratorius,N2/1,l1130,*,Af-
EDR151868,et,et,et,I,e0997,,X--
EDR151868,Lucernam,lucernam,lucerna,N1,l1076,f,NcA
EDR151868,unum,unum,unus,N2/1,u1136,*,An-
EDR151868,Hamulam,hamulam,hamula,N1,h0099,f,NcA
EDR151868,aeneam,aeneam,aeneus,N2/1,a2286,*,Af-
EDR151868,Pelvis,peluis,peluis,N3B,p0778,f,NcC
EDR151868,unam,unam,unus,N2/1,u1136,*,An-
EDR151868,basim,basim,basis,N3B,b0170,f,NcC
EDR151868,cum,cum,cum,I,c4579,,X--
EDR151868,cum,cum,cum,I,c4584,,X--
EDR151868,luterem,luterem,luter,N3B,l1239,m,NcC
EDR151868,et,et,et,I,e0997,,X--
EDR151868,tres,tres,tres/-is,N3A,t1158,*,An-
EDR151868,Gutos,gutos,gutus,N2,g0675,m,NcB
EDR151868,strigiles,strigiles,strigilis,N3B,s2604,f,NcC
EDR151868,Ferreas,ferreas,ferreus,N2/1,f0394,*,Af-
EDR151868,Ferreas,ferreas,ferrea,N1,f0394,f,NcA
EDR151868,quattuor,quattuor,quattuor,N,q0166,,AnP
EDR151868,cum,cum,cum,I,c4579,,X--
EDR151868,cum,cum,cum,I,c4584,,X--
EDR151868,Marmorem,marmorem,marmoro,V1,m0404,,VmF
EDR151868,basim,basim,basis,N3B,b0170,f,NcC
EDR140037,kalendas,kalendas,kalendae,N1,k0002,f,NcA
EDR140037,Februarias,februarias,februarius,N2/1,f0772,*,Af-
EDR153110,Quintus,quintus,quintus,N2/1,q0144,*,Ao-
EDR140230,Anicete,anicete,anicetus,N2/1,a2020,*,Af-
EDR142441,Ad,ad,ad,I,a0479,,X--
EDR142441,Ad,ad,at,I,a0547,,X--
EDR140179,aedituus,aedituus,aedituus,N2,a0863,m,NcB
EDR154370,kalendas,kalendas,kalendae,N1,k0002,f,NcA
EDR151829,Myrine,myrine,myron/-um,N2,m1911,n,NcB
EDR156779,Fausta,fausta,faustus,N2/1,f0287,*,Af-
EDR156779,Ave,aue,aueo,V2,a3448,,VmG
EDR156779,Ave,aue,aueo,V2,a3465,,VmG
EDR156779,Ave,aue,auis,N3B,a3502,f,NcC
EDR156779,Ave,aue,auus/-os,N2,a3634,m,NcB
EDR156779,Ave,aue,a,I,a0001,,X--
EDR073355,medicus,medicus,me"dicus,N2/1,m0643,*,Af-
EDR073355,medicus,medicus,me'dicus,N2,m0549,m,NcB
EDR073355,medicus,medicus,me'dicus,N2/1,m0549,*,Af-
EDR073355,Apollinaris,apollinaris,apollinarius,N2/1,a2406,*,Af-
EDR073355,Apollinaris,apollinaris,apollinaris,N3A,a2407,*,Af-
EDR073355,Imperatoris,imperatoris,imperator,N3B,i0480,m,NcC
EDR073355,Imperatoris,imperatoris,imperatorius,N2/1,i0481,*,Af-
EDR073355,cacavit,cacauit,caco,V1,c0036,,VmF
EDR073355,hic,hic,hic,PR,h0360,,Py-
EDR102191,Primigeniae,primigeniae,primigenius,N2/1,p3539,*,Af-
EDR102191,dominae,dominae,domina,N1,d0165,f,NcA
EDR102191,veni,ueni,ueneo,VA,u0284,,VmN
EDR102191,veni,ueni,uenio,V4,u0300,,VmL
EDR102191,veni,ueni,uenio,V4,u0300,,VmL
EDR102191,veni,ueni,uenus,N2,u0396,f,NcB
EDR102191,vico,uico,uicus,N2,u1337,m,NcB
EDR102191,et,et,et,I,e0997,,X--
EDR102191,quaere,quaere,quaero,V3,q0096,,VmH
EDR102191,nummulario,nummulario,nummularius,N2/1,n0665,*,Af-
EDR102191,nummulario,nummulario,nummularius,N2,n0665,m,NcB
EDR102191,Messio,messio,messio,N3B,m0856,f,NcC
EDR140239,Iunius,iunius,iunius,N2/1,i3222,*,Af-
EDR140239,Iunius,iunius,iunius,N2/1,i3222,*,Af-
EDR154092,cunei,cunei,cuneus,N2,c4628,m,NcB
EDR154092,Asseres,asseres,asser,N3B,a3138,m,NcC
EDR154092,Asseres,asseres,assero,V3,a3140,,VmH
EDR154092,Asseres,asseres,assero,V3,a3141,,VmH
EDR151910,Quintus,quintus,quintus,N2/1,q0144,*,Ao-
EDR154566,exempta,exempta,eximo,V3,e1497,,VmH
EDR154566,stercora,stercora,stercoro,V1,s2439,,VmF
EDR154566,stercora,stercora,stercus,N3B,s2442,n,NcC
EDR154566,assibus,assibus,as/assis,N3B,a3009,m,NcC
EDR154566,assibus,assibus,axis,N3B,a3654,m,NcC
EDR140140,Quintus,quintus,quintus,N2/1,q0144,*,Ao-
EDR145942,Proculus,proculus,proculus,N2/1,p3689,*,Af-
EDR154430,Salinensi,salinensi,saliniensis,N3A,s0167,*,Af-
EDR154430,omnibus,omnibus,omnis,N3A,o0723,*,Au-
EDR157024,Mortuus,mortuus,morior/-io,V5,m1411,,VmM
EDR157024,Deius,deius,dius,N2/1,d1461,*,Af-
EDR157024,Deius,deius,dius,N2/1,d1461,*,Af-
EDR140165,Surus,surus,surus,N2,s3833,m,NcB
EDR140187,Quintus,quintus,quintus,N2/1,q0144,*,Ao-
EDR154567,quattuor,quattuor,quattuor,N,q0166,,AnP
EDR154186,Mus,mus,mus,N3B,m1804,m,NcC
EDR154186,Apelles,apelles,apello,V3,a2317,,VmH
EDR154186,fratre,fratre,frater,N3B,f0934,m,NcC
EDR154186,cum,cum,cum,I,c4579,,X--
EDR154186,cum,cum,cum,I,c4584,,X--
EDR154186,amabiliter,amabiliter,amabilis,N3A,a1565,*,Af-
EDR154186,Dextro,dextro,dexter,N2/1,d0000,*,Af-
EDR154186,futuimus,futuimus,futuo,V3,f1265,,VmH
EDR154186,futuimus,futuimus,futuo,V3,f1265,,VmH
EDR154186,binas,binas,binus,N2/1,b0391,*,Ad-
EDR140152,hic,hic,hic,PR,h0360,,Py-
EDR140152,Hyacinthus,hyacinthus,hyacinthus/-os,N2,h0665,m,NcB
EDR140152,fuit,fuit,sum,VA,s3436,,VaN
EDR140669,pondo,pondo,pondo,I,p2558,,X--
EDR140669,Rufula,rufula,rufulus,N2/1,r0877,*,Af-
EDR140233,Vale,uale,ualeo,V2,u0050,,VmG
EDR154572,Iustus,iustus,iustus,N2/1,i3087,*,Af-
EDR140221,cum,cum,cum,I,c4579,,X--
EDR140221,cum,cum,cum,I,c4584,,X--
EDR142438,Quintus,quintus,quintus,N2/1,q0144,*,Ao-
EDR157025,Aulus,aulus,aulos/-us,N2,a3518,m,NcB
EDR151872,Quintus,quintus,quintus,N2/1,q0144,*,Ao-
EDR154179,sodales,sodales,sodalis,N3A,s1863,*,Af-
EDR154179,Duo,duo,duo,N2/1,d2327,*,An-
EDR154179,fuerunt,fuerunt,sum,VA,s3436,,VaN
EDR154179,hic,hic,hic,PR,h0360,,Py-
EDR154179,cum,cum,cum,I,c4579,,X--
EDR154179,cum,cum,cum,I,c4584,,X--
EDR154179,et,et,et,I,e0997,,X--
EDR154179,malum,malum,malis,N3B,m0192,f,NcC
EDR154179,malum,malum,malus,N2/1,m0216,*,Af-
EDR154179,malum,malum,ma'lum,N2,m0216,n,NcB
EDR154179,malum,malum,malus,N2,m0218,m,NcB
EDR154179,malum,malum,ma"lum,N2,m0218,n,NcB
EDR154179,malum,malum,malus,N2,m0219,f,NcB
EDR154179,diu,diu,diu,I,d1466,,X--
EDR154179,diu,diu,diu,I,d1998,,X--
EDR154179,diu,diu,diuinus,N2/1,d2040,*,Y--
EDR154179,diu,diu,dium,N2,d2047,n,NcB
EDR154179,ministrum,ministrum,minister,N2,m1034,m,NcB
EDR154179,ministrum,ministrum,minister,N2/1,m1034,*,Af-
EDR154179,haberent,haberent,habeo,V2,h0004,,VmG
EDR154179,omnia,omnia,omnis,N3A,o0723,*,Au-
EDR154179,nomine,nomine,nomen,N3B,n0492,n,NcC
EDR154179,nomine,nomine,nomos,N2,n0507,m,NcB
EDR154179,nomine,nomine,nomos,N2,n0357,m,NcB
EDR154179,tarde,tarde,tardeo,V2,t0117,,VmG
EDR154179,tarde,tarde,tardus,N2/1,t0131,*,Af-
EDR154179,vix,uix,uix,I,u0915,,X--
EDR154179,foras,foras,foras,I,f0812,,X--
EDR154179,foras,foras,foro,V1,f0879,,VmF
EDR154179,eum,eum,is,PR,i2912,,P3-
EDR154179,exegerunt,exegerunt,exigo,V3,e1487,,VmH
EDR154179,persuavissime,persuauissime,persuauis,N3A,p1641,*,Af-
EDR154179,Consumpserunt,consumpserunt,consumo,V3,c3658,,VmH
EDR154179,futuere,futuere,futuo,V3,f1265,,VmH
EDR154179,futuere,futuere,futuo,V3,f1265,,VmH
EDR154179,cum,cum,cum,I,c4579,,X--
EDR154179,cum,cum,cum,I,c4584,,X--
EDR140151,Aulus,aulus,aulos/-us,N2,a3518,m,NcB
EDR140147,conclave,conclaue,conclaue,N3B,c3049,n,NcC
EDR140147,conclave,conclaue,conchula,N1,c3004,f,NcA
EDR140147,consistunt,consistunt,consisto,V3,c3543,,VmH
EDR140147,naviculae,nauiculae,nauicula,N1,n0091,f,NcA
EDR140054,feliciter,feliciter,felicito,V1,f0323,,VmF
EDR140054,feliciter,feliciter,felix,N3A,f0327,*,Af-
EDR154429,Urbane,urbane,urbanus,N2/1,u1237,*,Af-
EDR154429,Urbane,urbane,uruo,V1,u1276,,VmF
EDR154429,Urbane,urbane,uruum,N2,u1278,n,NcB
EDR140232,suis,suis,sus/suis,N3B,s3834,2,NcC
EDR140232,suis,suis,suo,V3,s3459,,VmH
EDR140232,suis,suis,sus/suis,N3B,s3834,2,NcC
EDR140232,suis,suis,suus/-os,PR,s3894,*,Ps-
EDR140232,vivant,uiuant,uiuo,V3,u0913,,VmH
EDR153111,aegrotes,aegrotes,aegroto,V1,a0890,,VmF
EDR140986,Urso,urso,ursus,N2,u1269,m,NcB
EDR154568,pisu,pisu,pinso,V3,p7113,,VmH
EDR154568,pisu,pisu,piso,V3,p7113,,VmH
EDR140138,Burrus,burrus,burrus,N2/1,b0758,*,Af-
EDR140138,petat,petat,peto,V3,p1809,,VmH
EDR140144,Mansueta,mansueta,mansuesco,V3,m0317,,VmH
EDR140144,Mansueta,mansueta,mansueto,V1,m0319,,VmF
EDR140144,tene,tene,teneo,V2,t0289,,VmG
EDR140144,tene,tene,t,I,t0001,,X--
EDR140144,tene,tene,tu,PR,t1483,,Pq-
EDR153487,venimus,uenimus,ueneo,VA,u0284,,VmN
EDR153487,venimus,uenimus,uenio,V4,u0300,,VmL
EDR153487,venimus,uenimus,uenio,V4,u0300,,VmL
EDR153487,Venimus,uenimus,ueneo,VA,u0284,,VmN
EDR153487,Venimus,uenimus,uenio,V4,u0300,,VmL
EDR153487,Venimus,uenimus,uenio,V4,u0300,,VmL
EDR153487,cupidi,cupidi,cupidus,N2/1,c4651,*,Af-
EDR153487,hoc,hoc,hic,PR,h0360,,Py-
EDR153487,magis,magis,magis,N3B,m0096,m,NcC
EDR153487,magis,magis,magis,I,m0095,,X--
EDR153487,magis,magis,magus,N2,m0134,m,NcB
EDR153487,magis,magis,magus,N2/1,m0134,*,Af-
EDR153487,magis,magis,maga,N1,m0134,f,NcA
EDR153487,multo,multo,multus,N2/1,m1695,*,Af-
EDR153487,multo,multo,multo,V1,m1693,,VmF
EDR153487,multo,multo,multus,N2/1,m1695,*,Af-
EDR153487,multo,multo,multum,N2,m1696,n,NcB
EDR140258,Mus,mus,mus,N3B,m1804,m,NcC
EDR154177,biberes,biberes,biber,N3B,b0299,f,NcC
EDR154177,biberes,biberes,bibo,V3,b0311,,VmH
EDR154177,biberes,biberes,uiuo,V3,u0913,,VmH
EDR154177,assibus,assibus,as/assis,N3B,a3009,m,NcC
EDR154177,assibus,assibus,axis,N3B,a3654,m,NcC
EDR154177,singula,singula,singula,N1,s0280,f,NcA
EDR154177,singula,singula,singulus,N2/1,s0275,*,Ad-
EDR154177,Panem,panem,panis/-e,N3B,p0232,1,NcC
EDR154177,assibus,assibus,as/assis,N3B,a3009,m,NcC
EDR154177,assibus,assibus,axis,N3B,a3654,m,NcC
EDR154177,ofellas,ofellas,ofella,N1,o0551,f,NcA
EDR154177,assibus,assibus,as/assis,N3B,a3009,m,NcC
EDR154177,assibus,assibus,axis,N3B,a3654,m,NcC
EDR154368,Fusci,fusci,fuscus,N2/1,f1246,*,Af-
EDR151835,Est,est,sum,VA,s3436,,VaN
EDR151835,Est,est,e'do,VA,e0094,,VmN
EDR153853,Ursi,ursi,urgeo,V2,u1252,,VmG
EDR153853,Ursi,ursi,urgueo,V2,u1252,,VmG
EDR153853,Ursi,ursi,ursus,N2,u1269,m,NcB
EDR156999,situs,situs,sino,V3,s1756,,VmH
EDR156999,situs,situs,situs,N4,s1774,m,NcD
EDR156999,situs,situs,situs,N4,s4029,m,NcD
EDR156999,Hic,hic,hic,PR,h0360,,Py-
EDR154043,pro,pro,pro,I,p3593,,X--
EDR154043,pro,pro,pro,I,p2610,,X--
EDR154043,idus,idus,idus,N4,i9914,f,NcD
EDR154043,tunica,tunica,tunica,N1,t1745,f,NcA
EDR154043,tunica,tunica,tunico,V1,t1747,,VmF
EDR154043,asses,asses,as/assis,N3B,a3009,m,NcC
EDR154043,asses,asses,asso,V1,a3183,,VmF
EDR154043,asses,asses,axis,N3B,a3654,m,NcC
EDR140177,Assis,assis,as/assis,N3B,a3009,m,NcC
EDR140177,Assis,assis,adsum,VA,a0761,,VmN
EDR140177,Assis,assis,as/assis,N3B,a3009,m,NcC
EDR140177,Assis,assis,assus,N2/1,a3108,*,Af-
EDR140177,Assis,assis,assa,N1,a3108,f,NcA
EDR140177,Assis,assis,assum,N2,a3108,n,NcB
EDR140177,Assis,assis,axis,N3B,a3654,m,NcC
EDR154538,Feliciter,feliciter,felicito,V1,f0323,,VmF
EDR154538,Feliciter,feliciter,felix,N3A,f0327,*,Af-
EDR140124,Quis,quis,quis,PR,q0198,,P4-
EDR140124,Quis,quis,qui,PR,q9410,,P7-
EDR140124,Quis,quis,queo,VA,q0178,,VmN
EDR154042,Iulis,iulis,iulis,N3B,i3029,f,NcC
EDR154042,Iulis,iulis,iulus/-os,N2,i3030,m,NcB
EDR154042,Iulis,iulis,iulius,N2/1,i3221,*,Af-
EDR154042,Nonis,nonis,nonus,N2/1,n0145,*,Ao-
EDR154042,Nonis,nonis,nona,N1,n0177,f,NcA
EDR154042,Nonis,nonis,nonussis,N3B,n0524,m,NcC
EDR154042,Idus,idus,idus,N4,i9914,f,NcD
EDR154042,nata,nata,nascor/-o,V3,n0044,,VmH
EDR154042,nata,nata,nata,N1,n0088,f,NcA
EDR154042,nata,nata,nato,V1,n0069,,VmF
EDR154042,Iulias,iulias,iulius,N2/1,i3221,*,Af-
EDR154042,Pridie,pridie,pridie,I,p3528,,X--
EDR153849,Ursi,ursi,urgeo,V2,u1252,,VmG
EDR153849,Ursi,ursi,urgueo,V2,u1252,,VmG
EDR153849,Ursi,ursi,ursus,N2,u1269,m,NcB
EDR140166,quidam,quidam,quidam,PR,q9202,,Pu-
EDR140166,ligas,ligas,ligo,V1,l0753,,VmF
EDR140166,pauper,pauper,pauper,N3A,p0630,*,Af-
EDR129306,Musicus,musicus,musicus,N2,m1824,m,NcB
EDR129306,Musicus,musicus,musicus,N2/1,m1824,*,Af-
EDR129306,Priscus,priscus,priscus,N2/1,p3576,*,Af-
EDR129306,Glaucus,glaucus,glaucus,N2,g0361,m,NcB
EDR129306,Glaucus,glaucus,glaucus,N2/1,g0361,*,Af-
EDR153740,Amethyste,amethyste,amethystus/-os,N2,a1668,f,NcB
EDR151873,socio,socio,socio/-or,V1,s1852,,VmF
EDR151873,socio,socio,socius,N2/1,s1844,*,Af-
EDR151873,socio,socio,socius,N2,s1844,m,NcB
EDR151867,acceptum,acceptum,accipio,V5,a0275,,VmM
EDR151867,acceptum,acceptum,accipio,V5,a0275,,VmM
EDR151867,acceptum,acceptum,acceptum,N2,a8917,n,NcB
EDR151867,Vinum,uinum,uinum/-us,N2,u0729,1,NcB
EDR151867,domino,domino,dominus,N2,d0210,m,NcB
EDR151867,domino,domino,domino,V1,d1471,,VmF
EDR151867,Idus,idus,idus,N4,i9914,f,NcD
EDR159777,asses,asses,as/assis,N3B,a3009,m,NcC
EDR159777,asses,asses,asso,V1,a3183,,VmF
EDR159777,asses,asses,axis,N3B,a3654,m,NcC
EDR159777,Vinum,uinum,uinum/-us,N2,u0729,1,NcB
EDR159777,semis,semis,semis,N3B,s1133,m,NcC
EDR159777,semis,semis,semus,N2/1,s8195,*,Af-
EDR159777,Nigro,nigro,niger,N2/1,n0291,*,Af-
EDR159777,Nigro,nigro,nigrum,N2,n0291,n,NcB
EDR159777,Nigro,nigro,nigro,V1,n0301,,VmF
EDR159777,Capitoni,capitoni,capito,N3B,c0516,m,NcC
EDR140195,Kalendas,kalendas,kalendae,N1,k0002,f,NcA
EDR140195,factum,factum,facio,V5,f0048,,VmM
EDR140195,factum,factum,facio,V5,f0048,,VmM
EDR140195,factum,factum,factus,N4,f9201,m,NcD
EDR140195,factum,factum,factum,N2,f9201,n,NcB
EDR140195,pane,pane,panis/-e,N3B,p0232,1,NcC
EDR140195,pane,pane,panis/-e,N3B,p0232,1,NcC
EDR140195,pane,pane,panus,N2,p0262,m,NcB
EDR140195,pane,pane,pa,N,p0002,,Y--
EDR140195,Nonas,nonas,nonus,N2/1,n0145,*,Ao-
EDR140195,Nonas,nonas,nona,N1,n0177,f,NcA
EDR140195,factum,factum,facio,V5,f0048,,VmM
EDR140195,factum,factum,facio,V5,f0048,,VmM
EDR140195,factum,factum,factus,N4,f9201,m,NcD
EDR140195,factum,factum,factum,N2,f9201,n,NcB
EDR140195,pane,pane,panis/-e,N3B,p0232,1,NcC
EDR140195,pane,pane,panis/-e,N3B,p0232,1,NcC
EDR140195,pane,pane,panus,N2,p0262,m,NcB
EDR140195,pane,pane,pa,N,p0002,,Y--
EDR154434,Iulias,iulias,iulius,N2/1,i3221,*,Af-
EDR154434,Idus,idus,idus,N4,i9914,f,NcD
EDR154434,Iulias,iulias,iulius,N2/1,i3221,*,Af-
EDR154434,vim,uim,uis,N3B,u0804,,NcC
EDR154434,accepit,accepit,accipio,V5,a0275,,VmM
EDR154434,Sturnus,sturnus,sturnus,N2,s2683,m,NcB
EDR154044,numero,numero,numero,I,n0659,,X--
EDR154044,numero,numero,numero,V1,n0658,,VmF
EDR154044,numero,numero,numerus,N2,n0662,m,NcB
EDR154044,Asas,asas,ara,N1,a2625,f,NcA
EDR154044,Anaticulas,anaticulas,anaticula,N1,a1898,f,NcA
EDR154044,numero,numero,numero,I,n0659,,X--
EDR154044,numero,numero,numero,V1,n0658,,VmF
EDR154044,numero,numero,numerus,N2,n0662,m,NcB
EDR140190,et,et,et,I,e0997,,X--
EDR140190,Satura,satura,satur/-us,N2/1,s0445,*,Af-
EDR140190,Satura,satura,satura,N1,s0446,f,NcA
EDR140190,Satura,satura,saturo,V1,s0454,,VmF
EDR140190,Satura,satura,sero,V3,s1384,,VmH
EDR154371,glaber,glaber,glaber/glabrus,N2/1,g0314,*,Af-
EDR154371,Salarius,salarius,salarius,N2/1,s0144,*,Af-
EDR154371,Salarius,salarius,salarius,N2/1,s0144,*,Af-
EDR154371,Salarius,salarius,salarius,N2,s0144,m,NcB
